{"table":[{"block":11014432,"timestamp":1631946121,"swapAmountBNB":30,"uniswapv2buyprice":12564.29,"sushiswapv2buyprice":12550.01,"bakeryswapbuyprice":12746.14,"apeswapBuyPrice":12568.27,"uniswapv2sellprice":12500.27,"sushiswapv2sellprice":12506.55,"bakeryswapsellprice":12297.1,"apeswapsellprice":12490.59},{"block":11014433,"timestamp":1631946124,"swapAmountBNB":30,"uniswapv2buyprice":12562.64,"sushiswapv2buyprice":12550.01,"bakeryswapbuyprice":12746.14,"apeswapBuyPrice":12568.27,"uniswapv2sellprice":12498.64,"sushiswapv2sellprice":12506.55,"bakeryswapsellprice":12297.1,"apeswapsellprice":12490.59},{"block":11014434,"timestamp":1631946127,"swapAmountBNB":30,"uniswapv2buyprice":12562.3,"sushiswapv2buyprice":12549.89,"bakeryswapbuyprice":12746.14,"apeswapBuyPrice":12568.16,"uniswapv2sellprice":12498.3,"sushiswapv2sellprice":12506.43,"bakeryswapsellprice":12297.1,"apeswapsellprice":12490.48},{"block":11014435,"timestamp":1631946130,"swapAmountBNB":30,"uniswapv2buyprice":12562.3,"sushiswapv2buyprice":12549.89,"bakeryswapbuyprice":12746.14,"apeswapBuyPrice":12568.16,"uniswapv2sellprice":12498.3,"sushiswapv2sellprice":12506.43,"bakeryswapsellprice":12297.1,"apeswapsellprice":12490.48},{"block":11014436,"timestamp":1631946133,"swapAmountBNB":30,"uniswapv2buyprice":12562.29,"sushiswapv2buyprice":12549.89,"bakeryswapbuyprice":12746.14,"apeswapBuyPrice":12568.16,"uniswapv2sellprice":12498.29,"sushiswapv2sellprice":12506.43,"bakeryswapsellprice":12297.1,"apeswapsellprice":12490.48},{"block":11014437,"timestamp":1631946136,"swapAmountBNB":30,"uniswapv2buyprice":12562.22,"sushiswapv2buyprice":12549.89,"bakeryswapbuyprice":12746.14,"apeswapBuyPrice":12568.16,"uniswapv2sellprice":12498.22,"sushiswapv2sellprice":12506.43,"bakeryswapsellprice":12297.1,"apeswapsellprice":12490.48},{"block":11014438,"timestamp":1631946139,"swapAmountBNB":30,"uniswapv2buyprice":12563.24,"sushiswapv2buyprice":12549.89,"bakeryswapbuyprice":12746.14,"apeswapBuyPrice":12568.16,"uniswapv2sellprice":12499.23,"sushiswapv2sellprice":12506.43,"bakeryswapsellprice":12297.1,"apeswapsellprice":12490.48},{"block":11014439,"timestamp":1631946142,"swapAmountBNB":30,"uniswapv2buyprice":12563.24,"sushiswapv2buyprice":12549.89,"bakeryswapbuyprice":12746.14,"apeswapBuyPrice":12568.16,"uniswapv2sellprice":12499.23,"sushiswapv2sellprice":12506.43,"bakeryswapsellprice":12297.1,"apeswapsellprice":12490.48},{"block":11014440,"timestamp":1631946145,"swapAmountBNB":30,"uniswapv2buyprice":12563.13,"sushiswapv2buyprice":12550.18,"bakeryswapbuyprice":12746.14,"apeswapBuyPrice":12568.16,"uniswapv2sellprice":12499.13,"sushiswapv2sellprice":12506.72,"bakeryswapsellprice":12297.1,"apeswapsellprice":12490.48},{"block":11014441,"timestamp":1631946148,"swapAmountBNB":30,"uniswapv2buyprice":12563.14,"sushiswapv2buyprice":12550.18,"bakeryswapbuyprice":12746.14,"apeswapBuyPrice":12571.53,"uniswapv2sellprice":12499.13,"sushiswapv2sellprice":12506.72,"bakeryswapsellprice":12297.1,"apeswapsellprice":12493.82},{"block":11014442,"timestamp":1631946151,"swapAmountBNB":30,"uniswapv2buyprice":12563.11,"sushiswapv2buyprice":12550.18,"bakeryswapbuyprice":12746.14,"apeswapBuyPrice":12571.63,"uniswapv2sellprice":12499.1,"sushiswapv2sellprice":12506.72,"bakeryswapsellprice":12297.1,"apeswapsellprice":12493.92},{"block":11014443,"timestamp":1631946154,"swapAmountBNB":30,"uniswapv2buyprice":12563.11,"sushiswapv2buyprice":12550.18,"bakeryswapbuyprice":12746.14,"apeswapBuyPrice":12571.63,"uniswapv2sellprice":12499.1,"sushiswapv2sellprice":12506.72,"bakeryswapsellprice":12297.1,"apeswapsellprice":12493.92},{"block":11014444,"timestamp":1631946157,"swapAmountBNB":30,"uniswapv2buyprice":12563.11,"sushiswapv2buyprice":12550.18,"bakeryswapbuyprice":12746.14,"apeswapBuyPrice":12571.63,"uniswapv2sellprice":12499.1,"sushiswapv2sellprice":12506.72,"bakeryswapsellprice":12297.1,"apeswapsellprice":12493.92},{"block":11014445,"timestamp":1631946160,"swapAmountBNB":30,"uniswapv2buyprice":12563.06,"sushiswapv2buyprice":12550.18,"bakeryswapbuyprice":12746.14,"apeswapBuyPrice":12571.63,"uniswapv2sellprice":12499.05,"sushiswapv2sellprice":12506.72,"bakeryswapsellprice":12297.1,"apeswapsellprice":12493.92},{"block":11014446,"timestamp":1631946163,"swapAmountBNB":30,"uniswapv2buyprice":12563.05,"sushiswapv2buyprice":12550.18,"bakeryswapbuyprice":12746.14,"apeswapBuyPrice":12571.63,"uniswapv2sellprice":12499.04,"sushiswapv2sellprice":12506.72,"bakeryswapsellprice":12297.1,"apeswapsellprice":12493.92},{"block":11014447,"timestamp":1631946166,"swapAmountBNB":30,"uniswapv2buyprice":12563.06,"sushiswapv2buyprice":12549.99,"bakeryswapbuyprice":12746.14,"apeswapBuyPrice":12571.63,"uniswapv2sellprice":12499.05,"sushiswapv2sellprice":12506.53,"bakeryswapsellprice":12297.1,"apeswapsellprice":12493.92},{"block":11014448,"timestamp":1631946169,"swapAmountBNB":30,"uniswapv2buyprice":12563.14,"sushiswapv2buyprice":12549.99,"bakeryswapbuyprice":12746.14,"apeswapBuyPrice":12571.63,"uniswapv2sellprice":12499.14,"sushiswapv2sellprice":12506.53,"bakeryswapsellprice":12297.1,"apeswapsellprice":12493.92},{"block":11014449,"timestamp":1631946172,"swapAmountBNB":30,"uniswapv2buyprice":12562.44,"sushiswapv2buyprice":12549.89,"bakeryswapbuyprice":12746.14,"apeswapBuyPrice":12571.63,"uniswapv2sellprice":12498.43,"sushiswapv2sellprice":12506.43,"bakeryswapsellprice":12297.1,"apeswapsellprice":12493.92},{"block":11014450,"timestamp":1631946175,"swapAmountBNB":30,"uniswapv2buyprice":12562.44,"sushiswapv2buyprice":12549.89,"bakeryswapbuyprice":12746.14,"apeswapBuyPrice":12571.63,"uniswapv2sellprice":12498.43,"sushiswapv2sellprice":12506.43,"bakeryswapsellprice":12297.1,"apeswapsellprice":12493.92},{"block":11014455,"timestamp":1631946190,"swapAmountBNB":20,"uniswapv2buyprice":8374.65,"sushiswapv2buyprice":8364.06,"bakeryswapbuyprice":8454.66,"apeswapBuyPrice":8377.99,"uniswapv2sellprice":8332.26,"sushiswapv2sellprice":8339.17,"bakeryswapsellprice":8238.39,"apeswapsellprice":8332.3},{"block":11014456,"timestamp":1631946193,"swapAmountBNB":20,"uniswapv2buyprice":8374.63,"sushiswapv2buyprice":8364.45,"bakeryswapbuyprice":8454.66,"apeswapBuyPrice":8377.88,"uniswapv2sellprice":8332.25,"sushiswapv2sellprice":8339.56,"bakeryswapsellprice":8238.39,"apeswapsellprice":8332.3},{"block":11014457,"timestamp":1631946196,"swapAmountBNB":20,"uniswapv2buyprice":8374.63,"sushiswapv2buyprice":8364.45,"bakeryswapbuyprice":8454.66,"apeswapBuyPrice":8377.88,"uniswapv2sellprice":8332.25,"sushiswapv2sellprice":8339.56,"bakeryswapsellprice":8238.39,"apeswapsellprice":8332.19},{"block":11014458,"timestamp":1631946199,"swapAmountBNB":20,"uniswapv2buyprice":8374.72,"sushiswapv2buyprice":8366.14,"bakeryswapbuyprice":8454.66,"apeswapBuyPrice":8377.88,"uniswapv2sellprice":8332.27,"sushiswapv2sellprice":8341.25,"bakeryswapsellprice":8238.39,"apeswapsellprice":8332.19},{"block":11014459,"timestamp":1631946202,"swapAmountBNB":20,"uniswapv2buyprice":8374.72,"sushiswapv2buyprice":8366.14,"bakeryswapbuyprice":8454.66,"apeswapBuyPrice":8377.88,"uniswapv2sellprice":8332.33,"sushiswapv2sellprice":8341.25,"bakeryswapsellprice":8238.39,"apeswapsellprice":8332.19},{"block":11014460,"timestamp":1631946205,"swapAmountBNB":20,"uniswapv2buyprice":8374.69,"sushiswapv2buyprice":8366.14,"bakeryswapbuyprice":8454.66,"apeswapBuyPrice":8377.88,"uniswapv2sellprice":8332.31,"sushiswapv2sellprice":8341.25,"bakeryswapsellprice":8238.39,"apeswapsellprice":8332.19},{"block":11014461,"timestamp":1631946208,"swapAmountBNB":20,"uniswapv2buyprice":8374.94,"sushiswapv2buyprice":8361.64,"bakeryswapbuyprice":8454.66,"apeswapBuyPrice":8377.99,"uniswapv2sellprice":8332.55,"sushiswapv2sellprice":8336.76,"bakeryswapsellprice":8238.39,"apeswapsellprice":8332.3},{"block":11014462,"timestamp":1631946211,"swapAmountBNB":20,"uniswapv2buyprice":8375.07,"sushiswapv2buyprice":8361.64,"bakeryswapbuyprice":8454.66,"apeswapBuyPrice":8377.99,"uniswapv2sellprice":8332.69,"sushiswapv2sellprice":8336.76,"bakeryswapsellprice":8238.39,"apeswapsellprice":8332.3},{"block":11014463,"timestamp":1631946214,"swapAmountBNB":20,"uniswapv2buyprice":8374.66,"sushiswapv2buyprice":8358.25,"bakeryswapbuyprice":8454.66,"apeswapBuyPrice":8377.99,"uniswapv2sellprice":8332.27,"sushiswapv2sellprice":8333.39,"bakeryswapsellprice":8238.39,"apeswapsellprice":8332.3},{"block":11014464,"timestamp":1631946217,"swapAmountBNB":20,"uniswapv2buyprice":8374.31,"sushiswapv2buyprice":8358.25,"bakeryswapbuyprice":8454.66,"apeswapBuyPrice":8377.99,"uniswapv2sellprice":8331.93,"sushiswapv2sellprice":8333.39,"bakeryswapsellprice":8238.39,"apeswapsellprice":8332.3},{"block":11014465,"timestamp":1631946220,"swapAmountBNB":20,"uniswapv2buyprice":8374.34,"sushiswapv2buyprice":8358.25,"bakeryswapbuyprice":8454.66,"apeswapBuyPrice":8377.99,"uniswapv2sellprice":8331.95,"sushiswapv2sellprice":8333.39,"bakeryswapsellprice":8238.39,"apeswapsellprice":8332.3},{"block":11014466,"timestamp":1631946223,"swapAmountBNB":20,"uniswapv2buyprice":8374.33,"sushiswapv2buyprice":8356.75,"bakeryswapbuyprice":8454.66,"apeswapBuyPrice":8376.42,"uniswapv2sellprice":8331.95,"sushiswapv2sellprice":8331.89,"bakeryswapsellprice":8238.39,"apeswapsellprice":8330.75},{"block":11014467,"timestamp":1631946226,"swapAmountBNB":20,"uniswapv2buyprice":8374.26,"sushiswapv2buyprice":8356.8,"bakeryswapbuyprice":8454.66,"apeswapBuyPrice":8376.42,"uniswapv2sellprice":8331.88,"sushiswapv2sellprice":8331.94,"bakeryswapsellprice":8238.39,"apeswapsellprice":8330.75},{"block":11014468,"timestamp":1631946229,"swapAmountBNB":20,"uniswapv2buyprice":8374.1,"sushiswapv2buyprice":8356.8,"bakeryswapbuyprice":8454.66,"apeswapBuyPrice":8376.42,"uniswapv2sellprice":8331.72,"sushiswapv2sellprice":8331.94,"bakeryswapsellprice":8238.39,"apeswapsellprice":8330.74},{"block":11014469,"timestamp":1631946232,"swapAmountBNB":20,"uniswapv2buyprice":8374.07,"sushiswapv2buyprice":8356.76,"bakeryswapbuyprice":8454.66,"apeswapBuyPrice":8376.42,"uniswapv2sellprice":8331.69,"sushiswapv2sellprice":8331.9,"bakeryswapsellprice":8238.39,"apeswapsellprice":8330.74},{"block":11014470,"timestamp":1631946235,"swapAmountBNB":20,"uniswapv2buyprice":8374.08,"sushiswapv2buyprice":8356.76,"bakeryswapbuyprice":8454.66,"apeswapBuyPrice":8376.42,"uniswapv2sellprice":8331.7,"sushiswapv2sellprice":8331.9,"bakeryswapsellprice":8238.39,"apeswapsellprice":8330.74},{"block":11014471,"timestamp":1631946238,"swapAmountBNB":20,"uniswapv2buyprice":8374.08,"sushiswapv2buyprice":8356.76,"bakeryswapbuyprice":8454.66,"apeswapBuyPrice":8375.2,"uniswapv2sellprice":8331.7,"sushiswapv2sellprice":8331.9,"bakeryswapsellprice":8238.39,"apeswapsellprice":8330.74},{"block":11014471,"timestamp":1631946239,"swapAmountBNB":20,"uniswapv2buyprice":8374.08,"sushiswapv2buyprice":8356.76,"bakeryswapbuyprice":8454.66,"apeswapBuyPrice":8375.2,"uniswapv2sellprice":8331.7,"sushiswapv2sellprice":8331.9,"bakeryswapsellprice":8238.39,"apeswapsellprice":8330.74},{"block":11014472,"timestamp":1631946241,"swapAmountBNB":20,"uniswapv2buyprice":8374.11,"sushiswapv2buyprice":8356.66,"bakeryswapbuyprice":8454.66,"apeswapBuyPrice":8375.2,"uniswapv2sellprice":8331.73,"sushiswapv2sellprice":8331.8,"bakeryswapsellprice":8238.39,"apeswapsellprice":8329.53},{"block":11014473,"timestamp":1631946244,"swapAmountBNB":20,"uniswapv2buyprice":8373.66,"sushiswapv2buyprice":8356.66,"bakeryswapbuyprice":8454.66,"apeswapBuyPrice":8375.2,"uniswapv2sellprice":8331.27,"sushiswapv2sellprice":8331.8,"bakeryswapsellprice":8238.39,"apeswapsellprice":8329.53},{"block":11014474,"timestamp":1631946247,"swapAmountBNB":20,"uniswapv2buyprice":8373.63,"sushiswapv2buyprice":8356.66,"bakeryswapbuyprice":8454.66,"apeswapBuyPrice":8375.2,"uniswapv2sellprice":8331.25,"sushiswapv2sellprice":8331.8,"bakeryswapsellprice":8238.39,"apeswapsellprice":8329.53},{"block":11014475,"timestamp":1631946250,"swapAmountBNB":20,"uniswapv2buyprice":8373.63,"sushiswapv2buyprice":8356.66,"bakeryswapbuyprice":8454.66,"apeswapBuyPrice":8375.2,"uniswapv2sellprice":8331.25,"sushiswapv2sellprice":8331.8,"bakeryswapsellprice":8238.39,"apeswapsellprice":8329.53},{"block":11014476,"timestamp":1631946253,"swapAmountBNB":20,"uniswapv2buyprice":8373.41,"sushiswapv2buyprice":8358.17,"bakeryswapbuyprice":8454.66,"apeswapBuyPrice":8375.2,"uniswapv2sellprice":8331.03,"sushiswapv2sellprice":8333.31,"bakeryswapsellprice":8238.39,"apeswapsellprice":8329.53},{"block":11014477,"timestamp":1631946256,"swapAmountBNB":20,"uniswapv2buyprice":8373.47,"sushiswapv2buyprice":8358.21,"bakeryswapbuyprice":8454.66,"apeswapBuyPrice":8375.2,"uniswapv2sellprice":8331.09,"sushiswapv2sellprice":8333.35,"bakeryswapsellprice":8238.39,"apeswapsellprice":8329.53},{"block":11014478,"timestamp":1631946259,"swapAmountBNB":20,"uniswapv2buyprice":8373.38,"sushiswapv2buyprice":8358.21,"bakeryswapbuyprice":8454.66,"apeswapBuyPrice":8375.2,"uniswapv2sellprice":8331.01,"sushiswapv2sellprice":8333.35,"bakeryswapsellprice":8238.39,"apeswapsellprice":8329.53},{"block":11014479,"timestamp":1631946262,"swapAmountBNB":20,"uniswapv2buyprice":8373.35,"sushiswapv2buyprice":8358.21,"bakeryswapbuyprice":8454.66,"apeswapBuyPrice":8375.15,"uniswapv2sellprice":8330.97,"sushiswapv2sellprice":8333.35,"bakeryswapsellprice":8238.39,"apeswapsellprice":8329.48},{"block":11014480,"timestamp":1631946265,"swapAmountBNB":20,"uniswapv2buyprice":8373.34,"sushiswapv2buyprice":8358.21,"bakeryswapbuyprice":8454.66,"apeswapBuyPrice":8375.15,"uniswapv2sellprice":8330.96,"sushiswapv2sellprice":8333.35,"bakeryswapsellprice":8238.39,"apeswapsellprice":8329.48},{"block":11014481,"timestamp":1631946268,"swapAmountBNB":20,"uniswapv2buyprice":8373.33,"sushiswapv2buyprice":8358.21,"bakeryswapbuyprice":8454.66,"apeswapBuyPrice":8375.15,"uniswapv2sellprice":8330.96,"sushiswapv2sellprice":8333.35,"bakeryswapsellprice":8238.39,"apeswapsellprice":8329.48},{"block":11014482,"timestamp":1631946271,"swapAmountBNB":20,"uniswapv2buyprice":8373.34,"sushiswapv2buyprice":8358.21,"bakeryswapbuyprice":8454.66,"apeswapBuyPrice":8375.15,"uniswapv2sellprice":8330.96,"sushiswapv2sellprice":8333.35,"bakeryswapsellprice":8238.39,"apeswapsellprice":8329.48},{"block":11014483,"timestamp":1631946274,"swapAmountBNB":20,"uniswapv2buyprice":8373.29,"sushiswapv2buyprice":8358.21,"bakeryswapbuyprice":8454.66,"apeswapBuyPrice":8375.15,"uniswapv2sellprice":8330.91,"sushiswapv2sellprice":8333.35,"bakeryswapsellprice":8238.39,"apeswapsellprice":8329.48},{"block":11014484,"timestamp":1631946277,"swapAmountBNB":20,"uniswapv2buyprice":8373.28,"sushiswapv2buyprice":8357.96,"bakeryswapbuyprice":8454.66,"apeswapBuyPrice":8373.16,"uniswapv2sellprice":8330.9,"sushiswapv2sellprice":8333.09,"bakeryswapsellprice":8238.39,"apeswapsellprice":8327.5},{"block":11014485,"timestamp":1631946280,"swapAmountBNB":20,"uniswapv2buyprice":8373.25,"sushiswapv2buyprice":8357.71,"bakeryswapbuyprice":8454.66,"apeswapBuyPrice":8373.16,"uniswapv2sellprice":8330.87,"sushiswapv2sellprice":8332.84,"bakeryswapsellprice":8238.39,"apeswapsellprice":8327.5},{"block":11014486,"timestamp":1631946283,"swapAmountBNB":20,"uniswapv2buyprice":8373.25,"sushiswapv2buyprice":8357.71,"bakeryswapbuyprice":8454.66,"apeswapBuyPrice":8373.16,"uniswapv2sellprice":8330.88,"sushiswapv2sellprice":8332.84,"bakeryswapsellprice":8238.39,"apeswapsellprice":8327.5},{"block":11014487,"timestamp":1631946286,"swapAmountBNB":20,"uniswapv2buyprice":8373.16,"sushiswapv2buyprice":8357.71,"bakeryswapbuyprice":8454.66,"apeswapBuyPrice":8373.16,"uniswapv2sellprice":8330.79,"sushiswapv2sellprice":8332.84,"bakeryswapsellprice":8238.39,"apeswapsellprice":8327.5},{"block":11014488,"timestamp":1631946289,"swapAmountBNB":20,"uniswapv2buyprice":8373.15,"sushiswapv2buyprice":8357.71,"bakeryswapbuyprice":8454.66,"apeswapBuyPrice":8373.16,"uniswapv2sellprice":8330.78,"sushiswapv2sellprice":8332.84,"bakeryswapsellprice":8238.39,"apeswapsellprice":8327.5},{"block":11014489,"timestamp":1631946292,"swapAmountBNB":20,"uniswapv2buyprice":8373.14,"sushiswapv2buyprice":8358.2,"bakeryswapbuyprice":8454.66,"apeswapBuyPrice":8373.16,"uniswapv2sellprice":8330.76,"sushiswapv2sellprice":8333.33,"bakeryswapsellprice":8238.39,"apeswapsellprice":8327.5},{"block":11014490,"timestamp":1631946295,"swapAmountBNB":20,"uniswapv2buyprice":8373.14,"sushiswapv2buyprice":8358.2,"bakeryswapbuyprice":8454.66,"apeswapBuyPrice":8373.16,"uniswapv2sellprice":8330.76,"sushiswapv2sellprice":8333.33,"bakeryswapsellprice":8238.39,"apeswapsellprice":8327.5},{"block":11014491,"timestamp":1631946298,"swapAmountBNB":20,"uniswapv2buyprice":8373.13,"sushiswapv2buyprice":8358.02,"bakeryswapbuyprice":8454.66,"apeswapBuyPrice":8373.16,"uniswapv2sellprice":8330.76,"sushiswapv2sellprice":8333.16,"bakeryswapsellprice":8238.39,"apeswapsellprice":8327.5},{"block":11014492,"timestamp":1631946301,"swapAmountBNB":20,"uniswapv2buyprice":8373.11,"sushiswapv2buyprice":8358.02,"bakeryswapbuyprice":8454.66,"apeswapBuyPrice":8373.16,"uniswapv2sellprice":8330.73,"sushiswapv2sellprice":8333.16,"bakeryswapsellprice":8238.39,"apeswapsellprice":8327.5},{"block":11014493,"timestamp":1631946304,"swapAmountBNB":20,"uniswapv2buyprice":8372.91,"sushiswapv2buyprice":8358.02,"bakeryswapbuyprice":8454.66,"apeswapBuyPrice":8373.16,"uniswapv2sellprice":8330.54,"sushiswapv2sellprice":8333.16,"bakeryswapsellprice":8238.39,"apeswapsellprice":8327.5},{"block":11014494,"timestamp":1631946307,"swapAmountBNB":20,"uniswapv2buyprice":8372.91,"sushiswapv2buyprice":8359.49,"bakeryswapbuyprice":8454.66,"apeswapBuyPrice":8378.78,"uniswapv2sellprice":8330.53,"sushiswapv2sellprice":8334.62,"bakeryswapsellprice":8238.39,"apeswapsellprice":8333.09},{"block":11014495,"timestamp":1631946310,"swapAmountBNB":20,"uniswapv2buyprice":8372.91,"sushiswapv2buyprice":8359.78,"bakeryswapbuyprice":8454.66,"apeswapBuyPrice":8378.78,"uniswapv2sellprice":8330.54,"sushiswapv2sellprice":8334.91,"bakeryswapsellprice":8238.39,"apeswapsellprice":8333.09},{"block":11014496,"timestamp":1631946313,"swapAmountBNB":20,"uniswapv2buyprice":8372.83,"sushiswapv2buyprice":8359.78,"bakeryswapbuyprice":8454.66,"apeswapBuyPrice":8378.78,"uniswapv2sellprice":8330.46,"sushiswapv2sellprice":8334.91,"bakeryswapsellprice":8238.39,"apeswapsellprice":8333.09},{"block":11014497,"timestamp":1631946316,"swapAmountBNB":20,"uniswapv2buyprice":8372.71,"sushiswapv2buyprice":8359.78,"bakeryswapbuyprice":8454.66,"apeswapBuyPrice":8377.6,"uniswapv2sellprice":8330.34,"sushiswapv2sellprice":8334.91,"bakeryswapsellprice":8238.39,"apeswapsellprice":8331.91},{"block":11014498,"timestamp":1631946319,"swapAmountBNB":20,"uniswapv2buyprice":8372.71,"sushiswapv2buyprice":8359.78,"bakeryswapbuyprice":8454.66,"apeswapBuyPrice":8377.6,"uniswapv2sellprice":8330.34,"sushiswapv2sellprice":8334.91,"bakeryswapsellprice":8238.39,"apeswapsellprice":8331.91},{"block":11014499,"timestamp":1631946322,"swapAmountBNB":20,"uniswapv2buyprice":8372.63,"sushiswapv2buyprice":8359.64,"bakeryswapbuyprice":8454.66,"apeswapBuyPrice":8377.6,"uniswapv2sellprice":8330.26,"sushiswapv2sellprice":8334.77,"bakeryswapsellprice":8238.39,"apeswapsellprice":8331.91},{"block":11014500,"timestamp":1631946325,"swapAmountBNB":20,"uniswapv2buyprice":8372.56,"sushiswapv2buyprice":8359.39,"bakeryswapbuyprice":8454.66,"apeswapBuyPrice":8377.6,"uniswapv2sellprice":8330.18,"sushiswapv2sellprice":8334.52,"bakeryswapsellprice":8238.39,"apeswapsellprice":8331.91},{"block":11014501,"timestamp":1631946328,"swapAmountBNB":20,"uniswapv2buyprice":8372.56,"sushiswapv2buyprice":8359.39,"bakeryswapbuyprice":8454.66,"apeswapBuyPrice":8377.6,"uniswapv2sellprice":8330.19,"sushiswapv2sellprice":8334.52,"bakeryswapsellprice":8238.39,"apeswapsellprice":8331.91},{"block":11015016,"timestamp":1631947873,"swapAmountBNB":20,"uniswapv2buyprice":8371.08,"sushiswapv2buyprice":8362.9,"bakeryswapbuyprice":8451.75,"apeswapBuyPrice":8371.1,"uniswapv2sellprice":8328.5,"sushiswapv2sellprice":8338.02,"bakeryswapsellprice":8235.59,"apeswapsellprice":8325.45},{"block":11015017,"timestamp":1631947876,"swapAmountBNB":20,"uniswapv2buyprice":8371.08,"sushiswapv2buyprice":8362.9,"bakeryswapbuyprice":8451.75,"apeswapBuyPrice":8371.1,"uniswapv2sellprice":8328.71,"sushiswapv2sellprice":8338.02,"bakeryswapsellprice":8235.59,"apeswapsellprice":8325.45},{"block":11015018,"timestamp":1631947879,"swapAmountBNB":20,"uniswapv2buyprice":8371.01,"sushiswapv2buyprice":8362.9,"bakeryswapbuyprice":8451.75,"apeswapBuyPrice":8371.1,"uniswapv2sellprice":8328.65,"sushiswapv2sellprice":8338.02,"bakeryswapsellprice":8235.59,"apeswapsellprice":8325.45},{"block":11015019,"timestamp":1631947882,"swapAmountBNB":20,"uniswapv2buyprice":8371.03,"sushiswapv2buyprice":8362.9,"bakeryswapbuyprice":8451.75,"apeswapBuyPrice":8371.1,"uniswapv2sellprice":8328.66,"sushiswapv2sellprice":8338.02,"bakeryswapsellprice":8235.59,"apeswapsellprice":8325.45},{"block":11015020,"timestamp":1631947885,"swapAmountBNB":20,"uniswapv2buyprice":8371.09,"sushiswapv2buyprice":8362.96,"bakeryswapbuyprice":8451.75,"apeswapBuyPrice":8371.1,"uniswapv2sellprice":8328.72,"sushiswapv2sellprice":8338.08,"bakeryswapsellprice":8235.59,"apeswapsellprice":8325.45},{"block":11015021,"timestamp":1631947888,"swapAmountBNB":20,"uniswapv2buyprice":8371.09,"sushiswapv2buyprice":8362.96,"bakeryswapbuyprice":8451.75,"apeswapBuyPrice":8371.1,"uniswapv2sellprice":8328.72,"sushiswapv2sellprice":8338.08,"bakeryswapsellprice":8235.59,"apeswapsellprice":8325.45}]}